<?xml version="1.0" encoding="UTF-8"?>
<project-private xmlns="http://www.netbeans.org/ns/project-private/1">
    <editor-bookmarks xmlns="http://www.netbeans.org/ns/editor-bookmarks/2" lastBookmarkId="0"/>
    <open-files xmlns="http://www.netbeans.org/ns/projectui-open-files/2">
        <group>
            <file>file:/C:/Users/Khalied/Desktop/Khaliedjava/src/newgame/frame.java</file>
            <file>file:/C:/Users/Khalied/Desktop/Khaliedjava/src/newgame/createPro.java</file>
            <file>file:/C:/Users/Khalied/Desktop/Khaliedjava/src/newgame/Ball.java</file>
            <file>file:/C:/Users/Khalied/Desktop/Khaliedjava/src/newgame/ship.png</file>
            <file>file:/C:/Users/Khalied/Desktop/Khaliedjava/src/newgame/Newgame.java</file>
            <file>file:/C:/Users/Khalied/Desktop/Khaliedjava/src/newgame/createShip.java</file>
            <file>file:/C:/Users/Khalied/Desktop/Khaliedjava/src/newgame/NewClass.java</file>
            <file>file:/C:/Users/Khalied/Desktop/Khaliedjava/src/newgame/ship.java</file>
        </group>
    </open-files>
</project-private>
